{"cameraMode":{"drawMode":0,"name":"Shaded","section":"Shading Mode"},"sceneLighting":false,"audioPlay":false,"sceneViewState":{"m_AlwaysRefresh":false,"showFog":true,"showSkybox":false,"showFlares":true,"showImageEffects":true,"showParticleSystems":true,"showVisualEffectGraphs":true,"m_FxEnabled":true},"in2DMode":false,"pivot":{"x":0.06101745367050171,"y":0.8110104203224182,"z":0.010450363159179688},"rotation":{"x":-0.016829025000333787,"y":-0.9825743436813355,"z":0.11231108754873276,"w":-0.14720316231250764},"size":0.8013834357261658,"orthographic":false}